customer_id,loan_amount,loan_purpose,transaction_count,spending_ratio,default_flag
CUST1000,821240.7382037686,Home,39,13.2,0
CUST1001,166721.9993532074,Education,18,29.43,0
CUST1002,371720.1705000299,Business,114,14.89,0
CUST1003,367386.2911897118,Car,8,9.65,0
CUST1004,97156.36036972038,Education,149,29.25,0
CUST1005,232081.91641384648,Home,116,7.3,0
CUST1006,581794.4398525226,Other,73,15.54,0
CUST1007,181183.42395368207,Home,156,21.74,0
CUST1008,745640.219113215,Business,53,17.51,0
CUST1009,80345.4113797775,Other,59,8.84,0
CUST1010,24012276.368150778,Business,155,10.33,0
CUST1011,575145.0160095749,Home,85,11.6,0
CUST1012,490444.89318574127,Education,144,24.34,0
CUST1013,1246227.024185855,Home,143,17.91,1
CUST1014,304385.18186211906,Home,119,13.55,0
CUST1015,709919.8090156175,Home,79,20.18,0
CUST1016,458542.2687982341,Other,102,11.3,0
CUST1017,485158.9793875369,Other,131,23.79,0
CUST1018,230493.92814196713,Home,115,20.6,0
CUST1019,140464.23997209102,Car,105,14.7,0
CUST1020,701648.0333301737,Other,118,15.16,0
CUST1021,161460.04416028803,Car,33,13.86,0
CUST1022,213491.37115956115,Car,66,27.06,0
CUST1023,167699.23601870256,Car,57,18.32,0
CUST1024,227997.91650896898,Business,121,14.76,0
CUST1025,178957.9265100445,Car,95,10.12,0
CUST1026,32289.0419122461,Business,110,22.08,0
CUST1027,554369.7734784834,Car,90,21.57,0
CUST1028,166923.88577555548,Home,132,12.64,0
CUST1029,242256.24140743853,Home,104,13.33,0
CUST1030,57469.73000413336,Home,98,15.51,0
CUST1031,20848.39993349905,Car,80,9.24,0
CUST1032,90355.45838998734,Home,7,17.06,0
CUST1033,324844.4063542309,Business,85,7.22,0
CUST1034,46116.48734008747,Car,109,8.67,0
CUST1035,618914.9044972821,Business,36,12.75,0
CUST1036,80525.07809631241,Other,12,12.01,0
CUST1037,77225.52948569492,Business,91,20.61,0
CUST1038,70072.90232655406,Other,34,18.94,0
CUST1039,23520.094467325842,Car,147,32.73,0
CUST1040,389389.20134357736,Home,78,17.23,0
CUST1041,539929.4574514884,Other,127,18.23,0
CUST1042,258084.8769364355,Business,125,9.19,0
CUST1043,72125.31300250889,Business,42,9.2,0
CUST1044,103965.40470086382,Education,147,16.98,0
CUST1045,181530.92847999567,Education,162,17.13,0
CUST1046,791665.7482306415,Home,178,19.01,0
CUST1047,91039.19733189445,Education,158,31.03,0
CUST1048,348861.97913225903,Home,119,9.41,0
CUST1049,164708.41620233064,Home,113,38.28,0
CUST1050,108401.11152927196,Car,82,7.81,0
CUST1051,172162.87913286616,Car,40,19.82,0
CUST1052,38467.27027986925,Home,94,8.82,0
CUST1053,420724.0526875558,Business,163,23.62,0
CUST1054,89697.73829194404,Business,44,7.83,0
CUST1055,343120.9837942489,Education,78,4.19,0
CUST1056,37699.08082015316,Car,50,17.69,0
CUST1057,795821.332021177,Other,111,15.45,0
CUST1058,73612.5450401395,Home,174,28.59,0
CUST1059,555844.8234039469,Education,150,17.1,0
CUST1060,434490.61559078726,Home,104,11.33,0
CUST1061,879412.8891385227,Car,168,12.55,0
CUST1062,182469.56281095112,Car,65,82.11,0
CUST1063,344934.9581428606,Education,172,10.62,0
CUST1064,135791.0308355056,Home,7,21.38,0
CUST1065,70948.07448871958,Home,86,20.11,0
CUST1066,166331.5932958908,Car,11,21.63,0
CUST1067,65305.24527893879,Car,35,20.76,0
CUST1068,1024966.4106726713,Education,69,14.39,0
CUST1069,45299.655740368944,Home,99,6.81,0
CUST1070,242419.33485943233,Car,68,17.78,0
CUST1071,266185.1265024918,Home,81,16.34,0
CUST1072,213090.64336163492,Home,7,17.5,0
CUST1073,291314.87312716397,Car,97,21.82,0
CUST1074,50875.683469141135,Education,39,13.37,0
CUST1075,222430.65627749066,Home,19,12.06,0
CUST1076,104643.00981069719,Home,25,25.8,0
CUST1077,724087.3547173431,Car,66,13.95,0
CUST1078,378946.42887814663,Home,87,12.85,0
CUST1079,918524.0092538426,Car,160,12.3,0
CUST1080,29569.867198141394,Car,8,22.14,0
CUST1081,103914.75315762205,Home,145,14.81,0
CUST1082,74359.52293626792,Home,171,49.72,0
CUST1083,22804.316565489386,Business,71,16.92,0
CUST1084,89375.42724434532,Education,98,9.0,0
CUST1085,303904.1321494355,Education,62,13.22,0
CUST1086,85694.98740688404,Car,134,22.82,0
CUST1087,197829.54212211148,Education,29,12.18,0
CUST1088,566908.4378448398,Other,15,16.3,0
CUST1089,315844.8449554911,Education,5,26.82,0
CUST1090,145478.47530790832,Home,52,28.92,0
CUST1091,136490.52736490243,Car,117,12.65,1
CUST1092,172080.12849884614,Car,142,14.46,0
CUST1093,68712.35830752316,Car,85,17.26,0
CUST1094,271281.010586991,Car,34,32.17,0
CUST1095,133199.2565313203,Business,167,9.49,0
CUST1096,498253.65831764357,Education,118,19.69,0
CUST1097,373213.6557297092,Home,23,16.91,0
CUST1098,255731.30291373932,Home,114,10.5,0
CUST1099,133218.68158570165,Car,38,30.53,0
CUST1100,78909.01205571186,Home,36,26.98,0
CUST1101,394196.85545159335,Home,80,35.49,0
CUST1102,186582.0607168645,Car,130,29.67,0
CUST1103,83642.44256170021,Car,138,16.53,0
CUST1104,74282.48454644917,Other,145,22.41,0
CUST1105,65200.94864489909,Home,90,19.41,0
CUST1106,395326.6554615154,Home,79,10.45,0
CUST1107,85012.57116884143,Home,139,8.57,0
CUST1108,206975.9656128051,Car,49,19.78,0
CUST1109,170163.13150880768,Home,177,17.26,0
CUST1110,236643.64154191673,Education,69,13.9,0
CUST1111,544207.7674679873,Home,98,15.7,0
CUST1112,525760.368426685,Car,23,39.83,0
CUST1113,169948.85285438466,Business,123,5.53,0
CUST1114,23871.383778089374,Home,51,22.65,0
CUST1115,158974.8406019645,Car,50,25.06,0
CUST1116,252973.92552615193,Car,33,26.68,0
CUST1117,223978.32981192754,Business,104,8.26,0
CUST1118,283411.71867070533,Car,69,14.2,0
CUST1119,61831.360418152944,Car,155,13.85,1
CUST1120,279992.7719780784,Business,132,19.03,0
CUST1121,70422.46494124443,Car,55,9.35,0
CUST1122,367098.12085673446,Car,26,19.87,0
CUST1123,123533.49861378157,Home,114,10.57,0
CUST1124,329378.46161157126,Education,75,14.17,0
CUST1125,32262.269133939655,Business,37,32.22,0
CUST1126,151003.05719696026,Other,131,25.06,0
CUST1127,325224.23852792487,Other,113,17.49,0
CUST1128,84327.1841106636,Business,104,8.2,0
CUST1129,416536.6248971948,Education,48,19.42,0
CUST1130,269090.47094452055,Business,11,20.08,0
CUST1131,241417.2087718324,Car,132,5.76,0
CUST1132,129064.41271008067,Car,95,19.6,0
CUST1133,184662.9952995215,Home,134,9.6,1
CUST1134,247421.46117202018,Home,21,7.85,0
CUST1135,179883.64856217406,Business,69,9.38,0
CUST1136,319591.57416780427,Car,114,5.58,0
CUST1137,162156.47255214932,Home,34,13.41,0
CUST1138,76497.26828792815,Home,96,9.95,0
CUST1139,80178.56107530357,Business,158,29.09,0
CUST1140,21455.169039625926,Education,167,13.74,0
CUST1141,109511.01145373844,Car,79,11.47,0
CUST1142,365493.56702204805,Car,160,7.41,0
CUST1143,11828287.535393823,Car,157,13.28,0
CUST1144,76558.18639622116,Home,109,32.35,0
CUST1145,818814.2207201157,Car,35,35.65,0
CUST1146,23092640.518341906,Business,101,13.7,0
CUST1147,642164.6670088718,Car,55,15.88,0
CUST1148,326695.476216639,Car,62,23.37,0
CUST1149,340423.6143836971,Home,38,9.85,0
CUST1150,42219.72210039591,Car,25,19.78,0
CUST1151,82112.49589750936,Home,41,53.7,0
CUST1152,22213.478441383355,Car,68,24.11,0
CUST1153,334807.6450367415,Car,151,23.73,0
CUST1154,125565.70898396375,Business,128,32.2,0
CUST1155,406208.26565105026,Car,105,25.84,0
CUST1156,123476.23838091292,Home,123,14.49,0
CUST1157,447775.97130266886,Car,89,9.12,1
CUST1158,55016.245024252836,Education,82,15.38,0
CUST1159,67600.47578714619,Home,108,10.13,0
CUST1160,124211.10423346733,Education,76,14.28,0
CUST1161,151268.06880500232,Other,107,10.64,0
CUST1162,127197.30729535557,Home,81,13.53,0
CUST1163,380607.24159697606,Education,114,7.83,0
CUST1164,45494.72456263485,Business,23,11.63,0
CUST1165,128164.25225335835,Car,134,20.14,0
CUST1166,473869.6382179056,Education,138,22.85,0
CUST1167,37283.15172188231,Home,161,20.5,0
CUST1168,733313.1055815155,Home,173,13.63,0
CUST1169,1092897.3913387998,Education,137,17.5,0
CUST1170,43184.62016666938,Education,173,43.47,1
CUST1171,106071.05046955678,Other,66,11.47,0
CUST1172,136463.32984140664,Home,162,36.69,0
CUST1173,394464.4841785566,Car,107,7.99,0
CUST1174,246539.8148253106,Home,104,7.0,0
CUST1175,278463.0811715402,Home,159,15.28,0
CUST1176,374198.5189732685,Car,56,16.14,0
CUST1177,51384.8532741752,Car,53,9.34,0
CUST1178,467754.1216923665,Home,104,13.95,0
CUST1179,325720.7910059401,Home,130,20.11,0
CUST1180,235297.8218539312,Car,122,10.1,0
CUST1181,571217.9389151286,Other,58,27.33,0
CUST1182,321248.62642444094,Business,123,28.86,0
CUST1183,76317.69137992349,Home,137,30.65,0
CUST1184,160418.0795067435,Business,141,10.44,0
CUST1185,190325.83263691916,Education,166,11.15,0
CUST1186,34200.16771685961,Business,102,15.08,0
CUST1187,793267.450240154,Home,40,14.35,0
CUST1188,54407.01765404337,Car,152,13.97,0
CUST1189,318886.49187056266,Business,85,24.0,0
CUST1190,196421.88889679147,Home,89,22.33,0
CUST1191,26491.619936563606,Other,87,10.62,0
CUST1192,666726.4581462437,Business,67,9.29,0
CUST1193,497360.2423917806,Other,71,8.85,0
CUST1194,205719.85923924757,Home,162,10.6,0
CUST1195,84998.0293040231,Home,7,25.1,0
CUST1196,52419.817020959366,Home,46,17.67,0
CUST1197,132900.4876391554,Other,28,26.13,0
CUST1198,93736.52494832399,Home,48,7.03,0
CUST1199,196654.983474569,Car,133,18.85,0
CUST1200,868376.4801583565,Car,119,18.73,0
CUST1201,233889.17208738305,Car,40,29.97,0
CUST1202,571662.0862222922,Home,42,13.4,0
CUST1203,283084.0616325594,Car,176,12.94,0
CUST1204,181206.67528173313,Business,86,34.93,0
CUST1205,502079.68213309254,Home,179,15.1,0
CUST1206,179365.73744688462,Business,33,17.97,0
CUST1207,527430.8958403926,Education,45,20.87,0
CUST1208,106178.39520111887,Education,92,7.14,0
CUST1209,54474.67852274671,Education,52,16.79,0
CUST1210,503298.1528460623,Home,118,8.82,0
CUST1211,241328.3577050794,Car,26,15.74,0
CUST1212,569764.4602445582,Business,103,14.19,0
CUST1213,714459.4465956013,Home,21,12.77,0
CUST1214,33779.99126178313,Car,90,22.5,0
CUST1215,193771.91645048725,Home,137,17.27,0
CUST1216,137486.72734339617,Education,65,9.68,0
CUST1217,265780.23394138226,Car,93,9.51,0
CUST1218,414474.1492676581,Car,138,25.03,0
CUST1219,102331.03688876505,Home,85,16.14,0
CUST1220,223432.62454707868,Other,99,8.07,0
CUST1221,328374.93285391346,Home,149,13.35,0
CUST1222,56092.07013520649,Education,63,15.2,0
CUST1223,12072077.39139104,Car,171,8.87,0
CUST1224,252920.64514923454,Business,58,11.96,0
CUST1225,766630.8866510591,Home,130,26.02,0
CUST1226,123700.48491837793,Business,169,57.1,0
CUST1227,48613.1930684398,Car,52,19.13,0
CUST1228,196558.71345591755,Car,72,8.35,0
CUST1229,42429.42395393312,Education,111,14.75,0
CUST1230,892724.6477214241,Business,82,17.48,0
CUST1231,29863.274184933678,Education,81,24.37,0
CUST1232,370102.2779044401,Business,31,24.66,0
CUST1233,206164.0183058593,Home,92,32.53,0
CUST1234,134962.10311243043,Other,159,16.43,0
CUST1235,37027.46657038022,Home,76,16.59,0
CUST1236,263325.69480967254,Education,51,6.4,0
CUST1237,240001.95348283893,Car,107,9.91,0
CUST1238,102432.89705437639,Car,25,8.32,0
CUST1239,622602.9991728315,Home,119,10.8,0
CUST1240,110640.92191675778,Car,61,9.24,0
CUST1241,169334.4679680677,Home,109,9.56,0
CUST1242,216185.41877543353,Car,99,28.35,0
CUST1243,46404.5478178579,Home,174,6.29,0
CUST1244,692657.1575004221,Car,114,14.89,0
CUST1245,137315.43710726016,Home,31,25.33,0
CUST1246,41057.23485617577,Home,132,14.14,0
CUST1247,142466.3634330432,Home,165,31.93,0
CUST1248,249199.3069632605,Car,80,12.19,0
CUST1249,200208.0608250551,Business,39,39.46,0
CUST1250,316485.7260918364,Other,102,7.51,0
CUST1251,34270.647667214056,Home,148,31.96,0
CUST1252,103707.60987222074,Education,40,10.52,0
CUST1253,447633.24125430983,Education,70,33.87,0
CUST1254,40816.51471667425,Car,60,13.01,0
CUST1255,503594.6442043164,Education,149,28.57,0
CUST1256,44099.11772242962,Home,152,31.09,0
CUST1257,469626.8688111778,Car,98,12.32,0
CUST1258,131879.93467443075,Car,110,27.41,0
CUST1259,256822.22685098147,Home,88,16.22,0
CUST1260,61480.32942658481,Education,140,7.91,0
CUST1261,37114.87532920174,Car,150,21.2,0
CUST1262,80816.86008377095,Home,22,9.89,0
CUST1263,54199.55727755259,Car,150,11.86,0
CUST1264,113639.14567643398,Business,129,10.52,0
CUST1265,200583.88480922047,Business,6,19.87,0
CUST1266,242144.24721888968,Education,80,10.05,0
CUST1267,410004.9713288514,Car,142,8.91,0
CUST1268,286952.80724356254,Car,146,9.76,0
CUST1269,254607.45391013936,Car,30,11.53,1
CUST1270,152664.42455538767,Home,51,21.08,0
CUST1271,180522.48511381962,Car,34,25.91,0
CUST1272,153831.16799151257,Car,60,25.72,0
CUST1273,481552.9054075601,Car,123,16.16,0
CUST1274,85341.3379649437,Other,174,15.95,0
CUST1275,21434.339688353513,Business,136,15.0,0
CUST1276,283400.0970219642,Home,143,20.53,0
CUST1277,76556.50670316779,Home,156,28.78,0
CUST1278,572080.5387704199,Home,169,15.25,0
CUST1279,509831.00551946607,Education,134,21.46,1
CUST1280,39957.67910020764,Education,144,8.84,0
CUST1281,48121.0140426016,Other,25,25.19,0
CUST1282,190884.1735185988,Car,72,18.32,0
CUST1283,254904.3378011864,Business,130,9.81,0
CUST1284,100364.30026505419,Car,47,28.07,0
CUST1285,335398.463673213,Business,104,8.84,0
CUST1286,245915.2194037396,Education,127,5.27,0
CUST1287,118195.51097597685,Education,97,25.11,0
CUST1288,26424.723491265777,Car,144,19.94,0
CUST1289,366723.91676553735,Education,133,8.98,0
CUST1290,80439.45223210266,Car,165,19.64,0
CUST1291,469656.36174398137,Home,120,29.52,0
CUST1292,156306.93726928934,Home,119,18.74,0
CUST1293,235141.5490511694,Car,146,55.66,0
CUST1294,535791.1441051427,Car,123,10.75,0
CUST1295,518083.04405938904,Home,97,5.38,0
CUST1296,136112.59935228832,Home,146,8.12,1
CUST1297,78579.21418712827,Home,13,5.22,0
CUST1298,393076.08049272746,Car,77,47.92,1
CUST1299,161884.35945520498,Home,30,16.4,0
CUST1300,73311.2985095337,Home,110,43.36,0
CUST1301,606961.8952665074,Home,149,13.77,0
CUST1302,75194.14939051028,Home,72,10.46,0
CUST1303,26536.503916282007,Business,114,6.92,0
CUST1304,25122.10891293696,Home,135,13.49,0
CUST1305,263423.92697469017,Education,29,25.08,0
CUST1306,290937.12162117125,Car,25,14.7,0
CUST1307,113143.63490911345,Other,144,7.4,0
CUST1308,10981167.348172864,Home,58,22.8,0
CUST1309,123687.23560882712,Home,5,25.01,0
CUST1310,304982.46614751004,Home,132,12.62,0
CUST1311,34973.010795926115,Home,5,11.85,0
CUST1312,681678.8791235116,Education,177,7.0,0
CUST1313,82924.67544030509,Home,178,22.51,0
CUST1314,2026544.5589452554,Home,139,13.05,0
CUST1315,67041.45847637538,Business,14,4.31,0
CUST1316,389105.6008990976,Car,147,7.83,0
CUST1317,83211.50386788131,Home,44,21.78,0
CUST1318,41075.61734241396,Home,143,13.86,0
CUST1319,539727.0696737524,Home,178,9.32,0
CUST1320,509308.2059052764,Other,49,16.89,0
CUST1321,149198.51338593854,Business,91,10.8,0
CUST1322,322998.00355336943,Business,145,11.92,0
CUST1323,223583.588064306,Other,31,14.37,0
CUST1324,499256.04758060933,Car,54,38.2,0
CUST1325,114604.53777316134,Home,65,38.11,0
CUST1326,205412.3565449425,Car,17,6.14,0
CUST1327,186077.9226820963,Education,144,15.92,0
CUST1328,129202.50150905788,Business,161,7.96,0
CUST1329,575147.7600461334,Car,89,9.66,0
CUST1330,65343.87850715127,Car,88,6.49,0
CUST1331,60485.25634110462,Other,24,10.66,1
CUST1332,235042.31457909668,Home,35,9.06,0
CUST1333,287866.69366561715,Business,12,27.46,0
CUST1334,74110.03434678339,Home,28,10.79,0
CUST1335,143868.28721195084,Car,171,6.22,0
CUST1336,752316.9160917328,Home,37,16.42,0
CUST1337,90795.52735264805,Education,46,15.05,1
CUST1338,295926.8382108616,Car,147,14.41,0
CUST1339,356912.1010629857,Car,164,22.31,0
CUST1340,168610.10277350212,Business,143,30.45,0
CUST1341,713251.1492142428,Education,98,14.31,0
CUST1342,353574.2271353312,Education,41,18.78,0
CUST1343,173087.53391875263,Home,151,14.49,0
CUST1344,230606.30545162328,Business,38,21.18,0
CUST1345,314912.295377891,Home,57,7.89,0
CUST1346,244238.58543815577,Home,144,22.39,0
CUST1347,547367.1360592274,Home,100,18.94,0
CUST1348,130359.35405103928,Car,109,10.18,1
CUST1349,109127.93219183647,Business,52,49.61,0
CUST1350,80148.3830901528,Home,44,8.33,0
CUST1351,29628.812209733966,Car,156,19.39,0
CUST1352,30991.61986608338,Business,92,10.19,0
CUST1353,530161.3702644445,Education,47,21.96,0
CUST1354,303606.3577443738,Business,21,44.69,0
CUST1355,290094.20411815617,Home,106,24.23,0
CUST1356,258396.1579389144,Education,166,15.52,0
CUST1357,492981.946418147,Home,115,26.16,0
CUST1358,183609.97944687464,Other,74,12.24,0
CUST1359,530846.5130613388,Car,64,21.0,0
CUST1360,131355.0829481414,Education,81,17.18,1
CUST1361,673324.2634407253,Home,39,8.95,0
CUST1362,319876.51550665917,Home,166,38.64,0
CUST1363,94324.41729522403,Home,20,30.63,0
CUST1364,227576.9572798293,Car,150,10.72,0
CUST1365,210372.86640341918,Home,42,27.46,0
CUST1366,57095.659755895475,Education,175,9.13,0
CUST1367,243658.55023987163,Home,36,20.73,0
CUST1368,114505.88290091058,Business,11,16.84,0
CUST1369,33442.18547411972,Home,50,38.06,0
CUST1370,762302.5665467286,Home,22,19.41,0
CUST1371,276449.9386921363,Business,75,7.59,0
CUST1372,543728.0125583857,Education,44,27.38,0
CUST1373,301796.1582775319,Car,92,13.19,0
CUST1374,130396.29823002935,Home,82,12.89,0
CUST1375,199712.7130931354,Education,9,16.69,0
CUST1376,301557.616154076,Car,90,12.34,0
CUST1377,826300.9838065954,Home,26,40.34,0
CUST1378,93146.67315599063,Education,78,24.6,0
CUST1379,539814.506878133,Car,94,9.28,0
CUST1380,664511.5542404245,Home,83,11.43,0
CUST1381,297480.6383071804,Other,170,8.54,0
CUST1382,689380.1061992511,Business,123,26.68,0
CUST1383,22829217.046644397,Home,133,15.9,0
CUST1384,784487.9768964463,Car,82,10.09,0
CUST1385,323323.08848888293,Home,40,36.09,1
CUST1386,30728.380324889244,Business,99,21.17,0
CUST1387,613447.3300183689,Education,32,18.04,0
CUST1388,185641.30753321337,Home,102,17.62,0
CUST1389,174197.9625489779,Home,39,8.34,0
CUST1390,228946.61305820363,Home,66,21.75,0
CUST1391,60448.78222064129,Car,91,13.34,0
CUST1392,178326.50395259517,Education,178,25.41,0
CUST1393,464652.4022924599,Home,112,22.64,0
CUST1394,23900.891008821098,Home,129,15.95,0
CUST1395,99678.71516397383,Home,83,15.4,0
CUST1396,20614.400969966435,Home,129,37.69,0
CUST1397,154340.0211622541,Car,65,8.43,0
CUST1398,345778.4627541997,Car,30,12.35,0
CUST1399,420828.95905420836,Education,167,29.03,0
CUST1400,745969.5654331677,Other,61,34.56,0
CUST1401,254445.3866081031,Other,136,15.35,0
CUST1402,93467.58396394964,Car,46,11.59,0
CUST1403,664742.633786103,Education,177,11.71,0
CUST1404,393264.80324395275,Other,171,8.03,0
CUST1405,233580.56688593258,Home,26,44.74,0
CUST1406,317386.1941091263,Home,143,15.27,0
CUST1407,665298.2980443129,Home,169,20.75,0
CUST1408,331540.9725109629,Car,94,20.85,0
CUST1409,134864.65894242743,Business,62,34.53,0
CUST1410,332092.8334666463,Car,11,13.33,1
CUST1411,30277.94733902125,Car,140,13.81,0
CUST1412,142109.34769345273,Car,55,24.91,0
CUST1413,150354.9830504027,Home,155,6.7,0
CUST1414,65631.86482385537,Home,94,34.65,0
CUST1415,25839.030913819766,Home,112,39.22,0
CUST1416,55789.029552958425,Home,13,18.59,0
CUST1417,285778.58742709795,Business,178,10.29,0
CUST1418,425236.995420913,Business,42,25.19,0
CUST1419,1129987.9462841756,Business,115,14.95,0
CUST1420,126300.9742995105,Education,17,17.66,0
CUST1421,248684.9976370044,Business,11,18.34,0
CUST1422,711731.0661640604,Education,143,11.83,0
CUST1423,65692.94893552075,Education,71,19.56,0
CUST1424,336148.0527799623,Education,45,7.91,0
CUST1425,371602.5671829526,Car,161,5.49,0
CUST1426,43296.38198318305,Car,169,19.73,0
CUST1427,513769.27381309145,Education,20,27.71,0
CUST1428,439302.14230590675,Home,48,12.72,0
CUST1429,28493.407510756057,Car,54,12.37,0
CUST1430,43875.76369289055,Car,138,22.73,0
CUST1431,32593.664350633153,Home,22,16.28,0
CUST1432,121895.66155233869,Other,151,12.39,0
CUST1433,197974.97504729158,Home,55,19.16,0
CUST1434,210007.56692053383,Home,7,16.5,0
CUST1435,97879.90559933422,Home,93,8.81,0
CUST1436,626462.0225130861,Business,58,15.57,0
CUST1437,134820.44451655942,Car,53,18.02,0
CUST1438,31655.04601096362,Education,32,12.59,0
CUST1439,109249.86041038523,Business,42,26.12,0
CUST1440,209346.46202140907,Home,32,20.94,0
CUST1441,151155.853658449,Home,36,14.32,0
CUST1442,99997.0929597349,Home,45,17.58,0
CUST1443,55196.050483356354,Education,40,13.62,0
CUST1444,447541.8753181825,Education,107,14.7,0
CUST1445,1409611.7704428027,Home,40,14.97,0
CUST1446,119948.60429916171,Home,111,6.79,0
CUST1447,140163.45308193655,Home,130,16.67,0
CUST1448,260608.22683482137,Education,91,19.28,0
CUST1449,336853.73699673166,Home,70,56.3,0
CUST1450,144407.24379386514,Home,142,20.49,0
CUST1451,608284.1839914507,Car,74,11.86,0
CUST1452,225247.4046350726,Education,83,7.24,0
CUST1453,169636.62055176005,Education,97,9.7,1
CUST1454,280090.1516541904,Car,96,12.81,0
CUST1455,783360.7301043144,Education,26,12.93,0
CUST1456,415640.937875357,Car,24,14.6,0
CUST1457,30208.918063637357,Other,37,13.45,0
CUST1458,120982.78783290087,Home,147,14.65,0
CUST1459,178976.62708612703,Education,139,13.31,0
CUST1460,114408.1036143196,Car,94,16.6,0
CUST1461,321149.5506537182,Home,54,10.47,0
CUST1462,457562.00391194917,Education,14,8.76,0
CUST1463,348581.9011767897,Home,83,14.6,0
CUST1464,1155156.8262527075,Car,41,20.43,0
CUST1465,99551.69436675323,Car,63,9.4,0
CUST1466,539839.3763515886,Home,92,12.34,0
CUST1467,383774.6681404435,Car,108,15.29,0
CUST1468,132424.30478917685,Car,67,15.1,0
CUST1469,351181.8222703332,Education,25,23.96,0
CUST1470,47474.91059721113,Business,108,26.31,0
CUST1471,409369.720204097,Home,83,18.38,0
CUST1472,209998.41211952403,Car,41,30.11,0
CUST1473,106430.27943966238,Business,49,13.67,0
CUST1474,286616.6131333668,Home,146,25.03,0
CUST1475,276540.3498556597,Car,47,12.1,0
CUST1476,78768.04847994493,Business,120,19.07,0
CUST1477,27717.249357100893,Education,89,22.69,0
CUST1478,162123.6538505359,Home,88,16.91,0
CUST1479,230708.88164040525,Car,165,10.15,0
CUST1480,543091.7357259527,Car,7,7.13,0
CUST1481,678526.1882401448,Other,108,21.72,0
CUST1482,208120.93022319133,Home,91,14.35,0
CUST1483,370406.3038721144,Other,176,14.86,0
CUST1484,164643.77800430192,Car,115,34.82,0
CUST1485,362686.128839891,Home,91,10.25,0
CUST1486,77290.8853304126,Car,95,23.81,0
CUST1487,135931.73614868982,Education,39,11.37,0
CUST1488,271436.2718178537,Home,157,15.05,0
CUST1489,24581.211168552905,Home,100,9.55,0
CUST1490,340448.73332801304,Business,90,11.33,0
CUST1491,471265.13631201774,Other,140,20.22,0
CUST1492,147349.02030140418,Home,120,31.41,0
CUST1493,168525.73035940388,Home,150,20.32,0
CUST1494,496426.20268087444,Business,96,19.16,0
CUST1495,393642.15197758866,Education,160,58.82,0
CUST1496,104971.83653041588,Home,144,21.76,0
CUST1497,117881.71456015925,Other,6,10.31,0
CUST1498,303983.7223589177,Home,169,7.09,0
CUST1499,227068.87186377987,Education,128,19.88,0
CUST1500,64252.79180516821,Car,8,8.14,1
CUST1501,112740.52643062995,Car,173,9.97,0
CUST1502,595604.4689405418,Home,177,19.14,0
CUST1503,311327.83489535877,Education,113,27.66,0
CUST1504,1086716.2947207273,Other,115,14.26,0
CUST1505,384192.65090098925,Car,38,9.0,0
CUST1506,731717.885115012,Car,91,15.28,0
CUST1507,80896.70386480435,Home,17,14.35,0
CUST1508,389038.21936929657,Business,11,17.44,0
CUST1509,25106.17282215633,Other,36,9.01,0
CUST1510,297742.0942055238,Business,27,10.82,0
CUST1511,178381.24907533827,Car,51,27.43,0
CUST1512,126452.69821776662,Other,169,24.06,0
CUST1513,515858.99600502965,Home,33,29.43,0
CUST1514,501495.96289153286,Car,169,6.52,0
CUST1515,25638.537064270524,Car,27,10.56,0
CUST1516,255085.10686415774,Car,42,26.99,0
CUST1517,134650.1130547614,Business,131,22.11,1
CUST1518,154318.49692066343,Education,48,20.16,1
CUST1519,466008.45608387166,Home,9,13.72,0
CUST1520,112707.87329283128,Home,44,12.06,0
CUST1521,736390.176245193,Home,143,16.71,0
CUST1522,69501.12129858544,Car,82,13.14,0
CUST1523,291712.25453218515,Home,110,21.41,0
CUST1524,298765.5120437217,Home,134,16.75,0
CUST1525,92653.31151268675,Education,167,10.12,0
CUST1526,118168.29703735915,Business,177,22.59,0
CUST1527,470147.32327953196,Other,53,30.79,0
CUST1528,378666.6708520504,Other,127,31.83,0
CUST1529,119782.26097417179,Business,39,23.03,1
CUST1530,210869.1005707431,Home,110,23.19,0
CUST1531,35916.13812402077,Business,76,9.2,0
CUST1532,78534.02540442688,Car,164,11.76,1
CUST1533,186295.74179381246,Education,113,15.12,0
CUST1534,42473.992980622614,Car,129,22.12,0
CUST1535,483407.1568987582,Business,75,12.18,0
CUST1536,336467.55748620734,Car,43,14.1,0
CUST1537,738970.8240164284,Home,95,21.75,0
CUST1538,315607.38885460526,Car,41,17.61,0
CUST1539,725030.6824273041,Home,85,19.43,1
CUST1540,222146.55395940028,Other,136,11.14,0
CUST1541,249209.35223243854,Car,27,14.01,0
CUST1542,962750.8399457573,Car,146,13.0,0
CUST1543,276895.7757741544,Other,9,16.44,0
CUST1544,27817.608042806296,Education,114,13.24,0
CUST1545,341660.0227570586,Home,156,12.37,0
CUST1546,609706.0498042607,Home,22,17.51,0
CUST1547,416894.9500120335,Car,31,46.92,0
CUST1548,239167.32801409872,Business,28,22.02,0
CUST1549,298155.1215526563,Business,33,6.75,0
CUST1550,1176133.8531571007,Other,143,19.6,0
CUST1551,43759.62851726868,Home,150,12.71,0
CUST1552,295087.07013253216,Home,127,10.27,0
CUST1553,103308.5642347363,Home,132,23.38,0
CUST1554,275475.595172881,Business,116,17.09,0
CUST1555,253883.40858738663,Home,121,57.01,0
CUST1556,61648.52074290832,Home,136,15.53,0
CUST1557,77903.15500626992,Car,37,14.69,0
CUST1558,262970.4027339216,Car,46,29.92,0
CUST1559,54307.39772120689,Education,164,16.63,0
CUST1560,97032.72466668894,Car,129,9.69,0
CUST1561,470824.77040315943,Car,8,10.59,0
CUST1562,119036.48147369671,Car,24,13.95,0
CUST1563,187387.03838990605,Business,72,22.85,0
CUST1564,728149.8075355142,Car,62,31.06,0
CUST1565,84417.27985489117,Home,179,24.56,1
CUST1566,143420.85584426546,Home,84,21.85,0
CUST1567,253141.72800914178,Home,138,28.46,0
CUST1568,371970.35298233817,Business,99,22.43,0
CUST1569,599814.2925124096,Home,172,10.47,0
CUST1570,637671.0305043858,Other,155,14.73,0
CUST1571,394742.6980950429,Home,8,12.71,0
CUST1572,84799.84140472955,Business,169,30.91,0
CUST1573,26280.567043185813,Business,174,10.2,0
CUST1574,141035.34664982662,Car,48,10.3,0
CUST1575,58156.37574669428,Education,129,17.9,0
CUST1576,329802.99137673655,Home,46,43.14,0
CUST1577,290535.1144225278,Car,33,23.75,0
CUST1578,31241.925698701718,Home,151,27.68,0
CUST1579,472879.00646673114,Car,164,9.46,0
CUST1580,91501.95745834144,Business,48,22.97,0
CUST1581,161508.4302471801,Home,59,9.43,0
CUST1582,295605.18449517654,Business,84,23.7,0
CUST1583,160274.94136926837,Car,137,7.5,0
CUST1584,165530.19784023147,Car,117,13.88,0
CUST1585,36970.15702967887,Other,178,5.89,0
CUST1586,148308.60951610404,Education,177,10.57,0
CUST1587,381880.67783214286,Education,25,8.07,0
CUST1588,636795.183124638,Education,82,22.77,0
CUST1589,153394.4323770363,Other,154,17.24,0
CUST1590,157732.2065305213,Home,34,13.02,0
CUST1591,323192.0983599192,Education,27,17.44,0
CUST1592,735178.0022979032,Car,9,10.85,0
CUST1593,97673.17966702589,Home,67,19.32,0
CUST1594,165019.01002241345,Home,63,15.82,0
CUST1595,417376.03367029264,Home,86,51.44,0
CUST1596,255205.782205178,Car,56,37.22,0
CUST1597,49298.211702884146,Business,69,26.32,0
CUST1598,267035.8074707596,Business,43,19.03,0
CUST1599,71678.03626324466,Car,7,20.29,0
CUST1600,198447.66669972095,Home,174,30.58,0
CUST1601,208279.11523448216,Home,75,18.99,0
CUST1602,542278.7694055319,Car,159,19.59,0
CUST1603,175203.96650923672,Education,160,12.33,0
CUST1604,101932.48827856008,Home,19,11.66,0
CUST1605,85655.13749666509,Car,76,15.59,0
CUST1606,538368.5985111885,Other,74,4.45,0
CUST1607,66887.05433001256,Education,8,16.21,0
CUST1608,158724.23021696563,Business,98,14.57,0
CUST1609,71809.28139934008,Education,149,25.52,0
CUST1610,391036.3857601675,Home,38,30.34,0
CUST1611,180790.68958093313,Home,128,59.48,1
CUST1612,128135.9974516079,Business,138,21.97,0
CUST1613,132001.69222151898,Education,40,17.74,0
CUST1614,497997.84908826614,Car,103,12.39,0
CUST1615,221732.40660506,Home,171,9.73,0
CUST1616,336344.9261997765,Education,84,25.97,0
CUST1617,588350.0762171162,Home,70,16.22,0
CUST1618,600038.8273972103,Home,140,20.34,0
CUST1619,119563.68671484035,Home,147,16.6,0
CUST1620,781500.0137340833,Car,95,16.82,0
CUST1621,26297.628897117524,Home,84,18.35,0
CUST1622,138236.21200450417,Home,63,20.31,0
CUST1623,585358.0463291171,Education,14,26.32,0
CUST1624,100270.72352220607,Car,11,8.88,0
CUST1625,99735.21098263297,Car,116,22.04,0
CUST1626,110107.0249426569,Car,80,8.64,0
CUST1627,256889.4896557401,Other,16,23.35,0
CUST1628,164211.4329732002,Home,83,19.3,0
CUST1629,344328.16494758474,Home,50,15.83,0
CUST1630,583236.0668864688,Education,36,16.14,0
CUST1631,300367.416071458,Home,164,17.61,0
CUST1632,77185.64925100713,Car,119,28.37,0
CUST1633,694581.5421333233,Car,118,27.15,0
CUST1634,96798.76236330712,Other,130,25.6,0
CUST1635,60598.64469804584,Business,94,8.39,0
CUST1636,43568.6807055105,Other,65,21.94,0
CUST1637,227175.1486896113,Home,65,4.96,1
CUST1638,50192.5658180195,Business,106,5.67,0
CUST1639,57350.127806992634,Home,118,28.85,0
CUST1640,109179.62214865988,Education,178,7.98,0
CUST1641,102700.6383132339,Education,96,15.04,0
CUST1642,251736.51869464637,Home,133,33.19,0
CUST1643,444219.54462680576,Education,111,22.02,0
CUST1644,378188.94873499876,Home,53,19.79,0
CUST1645,96117.02815994187,Home,29,16.0,0
CUST1646,90362.21748311573,Other,20,17.51,0
CUST1647,863820.5019711689,Home,145,12.03,0
CUST1648,22067.58670619927,Home,112,12.94,0
CUST1649,549484.338174791,Car,168,17.17,0
CUST1650,75701.06444594408,Business,48,18.47,0
CUST1651,755710.5982735374,Home,87,15.2,0
CUST1652,124754.36373814088,Car,51,5.38,0
CUST1653,165111.7150748589,Business,128,35.96,0
CUST1654,326998.6016010481,Home,84,26.28,0
CUST1655,241482.24474016132,Home,80,14.85,0
CUST1656,115659.16643029134,Business,24,26.69,1
CUST1657,221764.3216007599,Car,150,13.75,0
CUST1658,347988.71085212193,Business,16,19.27,0
CUST1659,30814.298131152915,Home,116,6.29,0
CUST1660,22815.62241634743,Other,157,18.7,0
CUST1661,173153.1972485597,Other,64,14.29,1
CUST1662,55343.8384243881,Home,79,18.34,0
CUST1663,292917.3303344011,Home,114,38.67,0
CUST1664,80216.30674571649,Other,38,16.3,0
CUST1665,161783.35287082562,Car,145,13.08,0
CUST1666,75059.1130294129,Car,170,13.15,0
CUST1667,218785.88796399112,Education,144,8.1,0
CUST1668,50839.67314751951,Business,40,20.13,0
CUST1669,11364753.662060816,Business,32,21.48,0
CUST1670,33121.30060871698,Home,43,16.99,0
CUST1671,791187.0045703134,Home,81,26.05,0
CUST1672,58371.205817926035,Business,175,26.17,0
CUST1673,328160.16816752765,Business,108,17.03,0
CUST1674,37585.82185317282,Education,95,22.04,0
CUST1675,48617.23241049163,Other,119,48.73,0
CUST1676,197764.78728831353,Education,163,10.9,0
CUST1677,176311.8272836926,Home,6,24.21,0
CUST1678,776962.1795593944,Business,121,17.17,0
CUST1679,744358.6992269882,Car,86,27.74,0
CUST1680,398087.60386495455,Home,94,11.06,0
CUST1681,250389.79025635007,Home,46,18.18,0
CUST1682,171724.16871166285,Business,35,11.71,0
CUST1683,130083.45463259933,Other,65,6.8,0
CUST1684,754779.1402331064,Home,106,33.19,0
CUST1685,250897.33263155972,Home,60,13.23,0
CUST1686,236323.68373233677,Car,87,10.79,0
CUST1687,85959.2016062532,Business,132,12.32,0
CUST1688,31955.835118372357,Education,18,40.94,1
CUST1689,745964.1770479172,Car,18,31.67,0
CUST1690,114122.95141317917,Education,161,14.74,0
CUST1691,166113.1178729413,Home,54,25.3,0
CUST1692,50440.218326641196,Car,105,9.61,0
CUST1693,473385.2380532922,Home,72,21.37,0
CUST1694,27005.193364008723,Business,75,13.26,0
CUST1695,468927.9605421388,Home,15,20.45,0
CUST1696,57788.5887204131,Education,18,8.27,0
CUST1697,564129.3676640526,Home,110,12.21,0
CUST1698,347122.8975993423,Car,108,18.01,0
CUST1699,64982.18422025957,Home,135,17.92,0
CUST1700,228572.86537543664,Home,132,7.91,0
CUST1701,113730.21040697976,Home,12,10.12,0
CUST1702,69074.62486481715,Business,175,20.32,1
CUST1703,510072.1046530254,Car,141,19.16,0
CUST1704,149178.55124775702,Education,23,22.82,0
CUST1705,147100.35544876818,Car,144,18.09,0
CUST1706,66548.26278354251,Car,159,9.71,0
CUST1707,140748.17624141046,Car,116,13.78,0
CUST1708,533184.0245680222,Other,62,21.45,0
CUST1709,132796.9252774674,Car,29,9.97,0
CUST1710,777082.2683340203,Home,49,9.37,0
CUST1711,751127.0030067783,Other,106,14.13,0
CUST1712,59133.822485812634,Home,52,18.84,0
CUST1713,68794.33591726611,Business,54,6.54,0
CUST1714,516349.53248439636,Home,85,14.57,0
CUST1715,144708.1730499274,Education,48,21.31,0
CUST1716,21095.89403231967,Home,63,23.52,0
CUST1717,100007.18071550455,Other,165,9.96,0
CUST1718,247595.17836929348,Car,107,19.81,0
CUST1719,421443.6152186428,Home,82,27.03,0
CUST1720,55791.158657259046,Home,160,22.27,0
CUST1721,49285.568988890314,Car,22,13.38,0
CUST1722,658058.7561692196,Education,165,4.99,0
CUST1723,367724.6037046409,Car,120,18.26,0
CUST1724,242765.17615976217,Home,110,36.21,0
CUST1725,386536.6275666362,Car,147,24.83,0
CUST1726,160027.76071012678,Car,15,23.98,0
CUST1727,375175.64543002134,Home,168,17.89,0
CUST1728,136225.36338712196,Home,147,25.75,0
CUST1729,89959.75162935827,Education,66,19.14,0
CUST1730,346421.4960987869,Other,52,6.87,0
CUST1731,156040.58036994032,Home,98,25.68,0
CUST1732,1015840.8762641131,Business,147,10.69,0
CUST1733,127497.80059054722,Home,91,17.01,1
CUST1734,656889.4839181189,Car,175,23.8,0
CUST1735,695625.9597874122,Car,54,11.31,0
CUST1736,89219.47773043178,Home,64,10.05,0
CUST1737,420145.7849605723,Car,63,20.88,0
CUST1738,161881.84656495,Business,19,9.42,0
CUST1739,643814.1886429844,Other,33,14.93,0
CUST1740,169515.74413302797,Home,44,28.91,0
CUST1741,360941.23366908584,Home,35,37.09,0
CUST1742,177293.17766287117,Other,77,6.75,0
CUST1743,84628.16845040183,Home,15,14.74,0
CUST1744,75582.88556591726,Education,85,31.03,0
CUST1745,158533.85563931146,Home,66,13.48,0
CUST1746,372129.5294008449,Car,140,24.43,0
CUST1747,252262.62640004346,Home,55,25.37,0
CUST1748,311692.77069366165,Business,61,12.12,0
CUST1749,102935.08518616362,Business,136,20.38,0
CUST1750,184172.64117349492,Home,168,21.0,0
CUST1751,31352.72712714191,Business,151,25.92,0
CUST1752,445295.68585613085,Car,28,7.3,0
CUST1753,1168611.035056387,Home,45,31.39,0
CUST1754,150589.23979166616,Business,53,23.18,0
CUST1755,22756.04922595867,Car,178,9.34,0
CUST1756,66519.94438198721,Home,40,15.43,0
CUST1757,284266.99075325514,Home,14,25.0,1
CUST1758,256738.59715441274,Other,82,9.6,0
CUST1759,407632.77316412656,Business,139,10.36,0
CUST1760,93218.55239472676,Business,144,16.6,0
CUST1761,380591.2522772395,Home,90,13.22,0
CUST1762,311175.2198547095,Business,169,18.64,0
CUST1763,117452.50931790945,Home,168,24.82,0
CUST1764,217132.8222055569,Other,64,18.84,0
CUST1765,59829.194435707876,Home,100,16.36,0
CUST1766,170627.65968159217,Car,12,24.87,0
CUST1767,552572.8694978887,Car,139,15.6,0
CUST1768,156695.84778805292,Business,111,11.33,0
CUST1769,477469.2598684771,Business,175,29.3,0
CUST1770,243054.06858757505,Car,62,4.91,0
CUST1771,73260.16232662482,Car,85,16.98,0
CUST1772,237534.48962792606,Business,90,13.71,0
CUST1773,196296.5039294998,Home,178,10.37,0
CUST1774,147140.93560250683,Business,38,19.09,0
CUST1775,51853.37614274275,Other,88,20.69,0
CUST1776,154767.12462278578,Home,121,10.86,0
CUST1777,38886.352488434706,Home,26,8.18,0
CUST1778,45998.43236692806,Home,153,8.56,0
CUST1779,154427.84582650493,Home,19,40.72,1
CUST1780,111098.11975849025,Car,137,43.03,0
CUST1781,669387.827170676,Education,106,16.69,0
CUST1782,137783.38899525345,Car,149,8.28,0
CUST1783,374557.8630466631,Home,151,15.29,0
CUST1784,208887.34371272367,Education,9,5.47,0
CUST1785,324421.3219093535,Education,27,19.25,0
CUST1786,95315.45971813536,Other,87,10.0,0
CUST1787,731418.8024521366,Home,18,8.98,0
CUST1788,208802.7233285879,Education,14,26.81,0
CUST1789,464943.99663547584,Other,35,15.22,0
CUST1790,133550.56022716576,Car,145,25.35,0
CUST1791,46398.84387840096,Car,131,30.07,0
CUST1792,299993.4430939107,Home,154,15.73,0
CUST1793,21947.47776557669,Business,41,16.4,0
CUST1794,181228.80568991796,Car,171,27.91,0
CUST1795,73546.54176612973,Other,142,12.56,0
CUST1796,266796.020179859,Business,35,29.29,0
CUST1797,990857.3460634362,Car,175,5.98,0
CUST1798,176093.2728673307,Car,103,13.77,0
CUST1799,445248.88818030123,Home,168,18.06,0
CUST1800,197209.50356446826,Home,39,9.0,0
CUST1801,191215.41566698058,Education,115,19.78,0
CUST1802,686332.0785738054,Education,72,17.92,0
CUST1803,571741.1692992015,Car,121,11.4,0
CUST1804,405211.82317918976,Business,130,11.19,0
CUST1805,107835.06869744167,Home,179,10.63,0
CUST1806,216869.08907470354,Car,10,7.51,0
CUST1807,83367.58406501569,Car,123,36.78,0
CUST1808,166709.29307417382,Home,160,14.8,0
CUST1809,21566152.58941161,Other,34,8.36,0
CUST1810,465412.7434179219,Education,159,15.47,0
CUST1811,585909.2901378971,Car,73,18.54,0
CUST1812,153873.54414327937,Car,112,10.92,0
CUST1813,24465.760870068843,Home,171,13.7,0
CUST1814,514716.02328878234,Car,39,31.56,1
CUST1815,67874.48639030661,Education,107,9.17,0
CUST1816,263137.21681670967,Other,48,12.29,0
CUST1817,26321.990680270195,Business,147,6.03,0
CUST1818,147500.85515881208,Home,164,40.92,0
CUST1819,1086466.5997008246,Car,33,22.85,0
CUST1820,46532.87016702596,Home,10,16.04,0
CUST1821,157778.75947737796,Home,31,11.48,0
CUST1822,111735.42038647094,Car,32,11.2,0
CUST1823,608701.6081238966,Car,137,14.37,0
CUST1824,528789.3938584013,Home,173,21.07,0
CUST1825,87853.36843369404,Education,60,9.66,0
CUST1826,41168.378993147904,Education,116,13.05,0
CUST1827,266636.98946033115,Home,58,25.25,1
CUST1828,122507.14317930445,Business,84,36.77,0
CUST1829,298749.74803386495,Home,109,21.58,0
CUST1830,28161.728576243633,Car,22,11.81,0
CUST1831,55794.22178032909,Business,47,15.22,0
CUST1832,309887.11274276086,Car,93,20.21,0
CUST1833,79681.91863363143,Other,78,14.21,0
CUST1834,507257.18428421376,Home,161,23.47,0
CUST1835,35094.3676382109,Car,14,11.42,0
CUST1836,80671.4351447314,Car,138,36.84,0
CUST1837,1655821.1848399248,Education,93,15.74,0
CUST1838,161882.550998113,Business,136,11.99,0
CUST1839,323476.88397526834,Education,38,22.1,0
CUST1840,70425.96106157263,Business,87,10.08,0
CUST1841,255318.004881901,Home,165,17.71,0
CUST1842,343753.58959452575,Car,136,33.14,0
CUST1843,114393.1743037186,Education,176,8.95,0
CUST1844,461372.55476683483,Car,102,29.84,0
CUST1845,251217.84670107672,Other,35,8.62,0
CUST1846,143214.91628616728,Home,84,24.78,0
CUST1847,223909.16479662055,Car,64,10.24,0
CUST1848,234954.47180169186,Car,6,29.84,0
CUST1849,65241.20719959651,Business,40,12.33,0
CUST1850,148847.49359052654,Other,129,13.76,0
CUST1851,125181.7151174039,Home,155,10.29,0
CUST1852,148082.82358778338,Home,107,4.92,0
CUST1853,377938.63686572784,Car,179,9.29,0
CUST1854,184704.99348093968,Car,120,7.08,0
CUST1855,724673.4671793039,Other,105,5.92,0
CUST1856,106920.4521186172,Car,50,19.05,0
CUST1857,154336.7133737001,Home,84,35.25,0
CUST1858,406565.0915308184,Car,111,40.39,0
CUST1859,217428.06317951897,Car,48,9.2,0
CUST1860,217981.32220419092,Business,151,15.57,0
CUST1861,33703.862740778626,Home,53,29.44,0
CUST1862,147123.61190013893,Home,92,8.54,0
CUST1863,98929.09080272206,Other,62,30.02,0
CUST1864,1848977.0607033202,Home,95,30.27,0
CUST1865,112170.64072487685,Education,139,6.21,0
CUST1866,559613.6869214005,Car,98,5.06,0
CUST1867,301933.3569932816,Car,173,13.46,0
CUST1868,124226.22689880624,Home,82,26.29,0
CUST1869,216060.47259476435,Home,126,7.69,0
CUST1870,478984.0836806011,Car,147,5.93,0
CUST1871,557183.5388732116,Home,80,16.98,0
CUST1872,63705.598982261145,Car,57,22.56,0
CUST1873,123717.2243182078,Home,27,11.7,0
CUST1874,122075.97599985474,Education,81,12.19,0
CUST1875,30738.56552508152,Other,77,22.5,0
CUST1876,247973.70193795735,Home,92,10.64,0
CUST1877,502445.3230339396,Home,107,11.05,0
CUST1878,140144.59143139148,Business,98,18.89,0
CUST1879,356802.97686578886,Education,64,19.98,0
CUST1880,267014.1022595286,Home,14,14.7,0
CUST1881,137760.53627637622,Car,106,34.54,0
CUST1882,58013.9936656147,Home,62,23.92,0
CUST1883,328886.3819191835,Home,179,13.8,0
CUST1884,502006.79730239016,Other,147,8.62,0
CUST1885,309474.75010381354,Business,13,27.0,0
CUST1886,24510.058734462065,Education,17,27.47,0
CUST1887,80910.84048368191,Home,155,15.65,0
CUST1888,38002.923266277634,Home,165,18.89,0
CUST1889,231217.09491120224,Business,141,23.35,0
CUST1890,373136.6681635569,Home,135,36.66,0
CUST1891,49296.20002180303,Car,77,25.63,0
CUST1892,475561.60833642975,Home,120,20.54,0
CUST1893,222706.35577428917,Car,157,26.18,0
CUST1894,312770.75641638774,Home,129,29.24,0
CUST1895,908603.2999778301,Home,115,18.83,1
CUST1896,41847.67720835905,Business,75,26.02,0
CUST1897,598725.2128354867,Education,168,11.73,0
CUST1898,53698.10284003977,Home,93,27.59,0
CUST1899,144789.65659119896,Education,24,11.78,0
CUST1900,496689.3966516848,Home,85,9.93,0
CUST1901,12571736.258625468,Car,94,15.42,0
CUST1902,196493.10514206006,Education,23,8.41,0
CUST1903,245414.97058521214,Home,169,12.2,0
CUST1904,327876.5436488529,Car,116,19.87,0
CUST1905,467079.3526576679,Education,135,18.9,0
CUST1906,52388.02144110069,Other,111,22.64,0
CUST1907,435274.01338098623,Car,125,22.82,0
CUST1908,184095.90483317265,Home,96,19.83,0
CUST1909,169742.78596237532,Home,151,10.74,0
CUST1910,157868.39793946562,Car,178,26.09,0
CUST1911,197935.54281119164,Home,84,15.57,0
CUST1912,745335.4172646559,Car,35,18.54,0
CUST1913,218631.00639083463,Education,57,17.32,0
CUST1914,785348.0598890404,Home,117,36.14,0
CUST1915,69701.20478902121,Home,38,9.05,0
CUST1916,341961.8028999933,Car,35,13.85,0
CUST1917,438147.0675241399,Home,143,21.45,0
CUST1918,304178.8950335949,Other,10,16.63,0
CUST1919,253436.9816067608,Car,31,12.91,0
CUST1920,227994.738044077,Business,11,6.3,0
CUST1921,513195.3363848287,Business,53,14.25,0
CUST1922,450997.07195545564,Business,100,19.71,0
CUST1923,52609.39476001529,Home,64,21.58,0
CUST1924,491937.10393654736,Other,37,15.12,0
CUST1925,153638.1485707165,Home,51,17.98,0
CUST1926,93155.84180665082,Home,176,9.28,0
CUST1927,529610.5413099087,Car,123,19.98,0
CUST1928,161419.38063529477,Home,31,16.52,0
CUST1929,433040.2852898772,Home,26,17.86,0
CUST1930,96428.79463360902,Home,51,14.74,0
CUST1931,20984.26537194015,Home,97,18.29,0
CUST1932,191026.6390603598,Education,162,22.59,0
CUST1933,46403.54157913213,Home,6,18.69,0
CUST1934,370988.2966359819,Car,147,6.61,0
CUST1935,15451885.727599708,Other,51,18.88,0
CUST1936,166587.46537123632,Car,31,13.55,0
CUST1937,42764.04064513683,Education,31,11.54,0
CUST1938,104449.01507885309,Other,145,32.28,0
CUST1939,400231.1530411434,Home,149,10.32,0
CUST1940,61097.20207043746,Car,79,10.92,0
CUST1941,280434.83469053975,Business,14,5.36,0
CUST1942,643514.6588485277,Other,125,33.79,0
CUST1943,304731.07187528803,Education,37,25.68,0
CUST1944,436530.7571669116,Home,169,13.93,0
CUST1945,48844.75265212702,Other,130,22.34,0
CUST1946,92164.5792065071,Home,12,5.4,0
CUST1947,582353.1653941348,Car,165,20.86,0
CUST1948,333909.1853728986,Car,139,10.71,0
CUST1949,275103.1609360784,Car,166,37.97,0
CUST1950,292487.5305393593,Business,75,19.76,0
CUST1951,153694.4477060649,Business,139,17.56,0
CUST1952,31394.94653763753,Education,45,10.91,0
CUST1953,403630.78493282513,Home,122,10.94,0
CUST1954,303855.3023809694,Car,59,22.12,0
CUST1955,180045.94085457947,Education,11,10.86,1
CUST1956,595046.0328233301,Car,88,10.65,0
CUST1957,122428.40443389688,Other,150,33.23,0
CUST1958,107148.96843437148,Business,175,18.99,0
CUST1959,535491.4344021415,Education,82,9.51,0
CUST1960,418622.1219485751,Home,172,21.67,0
CUST1961,200891.19034546733,Education,57,14.3,0
CUST1962,55026.738065188205,Other,18,6.8,0
CUST1963,80540.65294925115,Car,153,12.81,0
CUST1964,286944.1510373503,Business,117,9.73,0
CUST1965,141550.01670571056,Home,61,18.69,0
CUST1966,472694.5841849838,Car,95,11.85,0
CUST1967,768708.2161968565,Education,50,17.21,0
CUST1968,429506.8374568572,Education,158,22.95,0
CUST1969,138521.1554932947,Business,95,53.54,0
CUST1970,408603.03282476595,Home,156,44.25,0
CUST1971,128250.83464815596,Home,137,18.39,0
CUST1972,65710.44935360068,Education,174,16.02,0
CUST1973,28490.87241548179,Home,106,12.21,0
CUST1974,141824.76934247836,Car,110,7.23,0
CUST1975,604706.7514084664,Home,175,5.24,0
CUST1976,88276.0741939982,Home,132,10.79,0
CUST1977,77829.58252927895,Education,36,37.29,0
CUST1978,895150.4611426821,Education,10,36.65,0
CUST1979,26330.506575371644,Home,78,17.04,0
CUST1980,405190.44823632174,Home,139,20.75,0
CUST1981,116919.78843148354,Home,33,12.15,0
CUST1982,29552.175138816347,Car,38,16.2,0
CUST1983,644657.720047623,Home,11,11.16,0
CUST1984,57601.770272461516,Car,85,11.15,0
CUST1985,220617.3744085379,Education,81,22.34,0
CUST1986,100069.9832064741,Education,62,12.15,0
CUST1987,36853.74412546518,Home,89,21.03,0
CUST1988,32802.92591940368,Education,163,15.28,0
CUST1989,50699.21753372878,Other,77,33.41,0
CUST1990,38510.42040411857,Home,49,21.68,0
CUST1991,377361.13627603994,Home,51,18.58,0
CUST1992,186172.1012588932,Car,81,8.04,0
CUST1993,124976.7573655201,Home,77,12.87,0
CUST1994,155479.72460875352,Education,172,16.04,0
CUST1995,681081.3700000239,Business,120,16.9,0
CUST1996,624083.5423300553,Car,34,22.91,0
CUST1997,334410.6336667795,Education,75,18.23,0
CUST1998,560016.255572656,Education,149,9.81,0
CUST1999,116286.25205880725,Home,107,22.11,0
